"id","code","name","url","product_selection","price","volume","images"
"1","1818201","Togouchi Premium","/Land/Japan/Togouchi-Premium/p/1818201","Bestillingsutvalget","Kr 779,00","0.7","https://bilder.vinmonopolet.no/cache/300x300-0/1818201-1.jpg"
"2","11524301","Suntory Whisky Toki","/Land/Japan/Suntory-Whisky-Toki/p/11524301","Bestillingsutvalget","Kr 539,90","0.7","https://bilder.vinmonopolet.no/cache/300x300-0/11524301-1.jpg"
"3","7685501","Togouchi 15 YO","/Land/Japan/Togouchi-15-YO/p/7685501","Bestillingsutvalget","Kr 1 875,00","0.7","https://bilder.vinmonopolet.no/cache/300x300-0/7685501-1.jpg"
"4","7685601","Togouchi 9 YO","/Land/Japan/Togouchi-9-YO/p/7685601","Bestillingsutvalget","Kr 1 099,00","0.7","https://bilder.vinmonopolet.no/cache/300x300-0/7685601-1.jpg"
"5","7685302","Akashi Single Malt 5 YO Single Cask #61071","/Land/Japan/Akashi-Single-Malt-5-YO-Single-Cask-%2361071/p/7685302","Bestillingsutvalget","Kr 1 728,00","0.5","https://bilder.vinmonopolet.no/cache/300x300-0/7685302-1.jpg"
"6","1818402","Akashi Single Malt","/Land/Japan/Akashi-Single-Malt/p/1818402","Bestillingsutvalget","Kr 989,00","0.5","https://bilder.vinmonopolet.no/cache/300x300-0/1818402-1.jpg"
"7","1818302","Akashi Blended","/Land/Japan/Akashi-Blended/p/1818302","Bestillingsutvalget","Kr 529,00","0.5","https://bilder.vinmonopolet.no/cache/300x300-0/1818302-1.jpg"
"8","12643201","Fuyu Mizunara Finish Japanese Blended Whisky","/Land/Japan/Fuyu-Mizunara-Finish-Japanese-Blended-Whisky/p/12643201","Bestillingsutvalget","Kr 689,00","0.7","https://bilder.vinmonopolet.no/cache/300x300-0/12643201-1.jpg"
"9","12671001","Nikka Taketsuru Pure Malt 25 YO","/Land/Japan/Nikka-Taketsuru-Pure-Malt-25-YO/p/12671001","Bestillingsutvalget","Kr 26 990,00","0.7","https://bilder.vinmonopolet.no/cache/300x300-0/12671001-1.jpg"
"10","8239801","Togouchi Kiwami Blended Whisky","/Land/Japan/Togouchi-Kiwami-Blended-Whisky/p/8239801","Bestillingsutvalget","Kr 814,70","0.7","https://bilder.vinmonopolet.no/cache/300x300-0/8239801-1.jpg"
"11","8239902","Akashi Meïsei Blended Whisky","/Land/Japan/Akashi-Me%C3%AFsei-Blended-Whisky/p/8239902","Bestillingsutvalget","Kr 615,90","0.5","https://bilder.vinmonopolet.no/cache/300x300-0/8239902-1.jpg"
"12","10319201","The Kurayoshi Pure Malt Aged in Sherry Cask","/Land/Japan/The-Kurayoshi-Pure-Malt-Aged-in-Sherry-Cask/p/10319201","Bestillingsutvalget","Kr 899,90","0.7","https://bilder.vinmonopolet.no/cache/300x300-0/10319201-1.jpg"
"13","10319402","The Tottori Blended Japanese Whisky","/Land/Japan/The-Tottori-Blended-Japanese-Whisky/p/10319402","Bestillingsutvalget","Kr 459,90","0.5","https://bilder.vinmonopolet.no/cache/300x300-0/10319402-1.jpg"
"14","10319302","The Tottori Blended Japanese Whisky Bourbon Barrel","/Land/Japan/The-Tottori-Blended-Japanese-Whisky-Bourbon-Barrel/p/10319302","Bestillingsutvalget","Kr 479,90","0.5","https://bilder.vinmonopolet.no/cache/300x300-0/10319302-1.jpg"
"15","10319801","Fuyu Blended Japanese Whisky","/Land/Japan/Fuyu-Blended-Japanese-Whisky/p/10319801","Bestillingsutvalget","Kr 559,90","0.7","https://bilder.vinmonopolet.no/cache/300x300-0/10319801-1.jpg"
"16","10321201","Yamazakura Blended Whisky","/Land/Japan/Yamazakura-Blended-Whisky/p/10321201","Bestillingsutvalget","Kr 834,70","0.7","https://bilder.vinmonopolet.no/cache/300x300-0/10321201-1.jpg"
"17","10480302","Kamiki Blended Malt Whisky","/Land/Japan/Kamiki-Blended-Malt-Whisky/p/10480302","Bestillingsutvalget","Kr 749,90","0.5","https://bilder.vinmonopolet.no/cache/300x300-0/10480302-1.jpg"
"18","10487401","Fujimi Blended Japanese Whisky","/Land/Japan/Fujimi-Blended-Japanese-Whisky/p/10487401","Bestillingsutvalget","Kr 589,90","0.7","https://bilder.vinmonopolet.no/cache/300x300-0/10487401-1.jpg"
"19","10488301","The Kurayoshi Pure Malt Whisky","/Land/Japan/The-Kurayoshi-Pure-Malt-Whisky/p/10488301","Bestillingsutvalget","Kr 799,90","0.7","https://bilder.vinmonopolet.no/cache/300x300-0/10488301-1.jpg"
"20","11331201","The Matsui Single Malt Mizunara Cask","/Land/Japan/The-Matsui-Single-Malt-Mizunara-Cask/p/11331201","Bestillingsutvalget","Kr 1 189,90","0.7","https://bilder.vinmonopolet.no/cache/300x300-0/11331201-1.jpg"
"21","11331501","The Matsui Single Malt Sakura Cask","/Land/Japan/The-Matsui-Single-Malt-Sakura-Cask/p/11331501","Bestillingsutvalget","Kr 1 189,90","0.7","https://bilder.vinmonopolet.no/cache/300x300-0/11331501-1.jpg"
"22","11331601","The Matsui Single Malt Peated","/Land/Japan/The-Matsui-Single-Malt-Peated/p/11331601","Bestillingsutvalget","Kr 1 189,90","0.7","https://bilder.vinmonopolet.no/cache/300x300-0/11331601-1.jpg"
"23","11342802","Akashi Single Malt Whisky 3 YO Sake cask","/Land/Japan/Akashi-Single-Malt-Whisky-3-YO-Sake-cask/p/11342802","Bestillingsutvalget","Kr 1 355,00","0.5","https://bilder.vinmonopolet.no/cache/300x300-0/11342802-1.jpg"
"24","11342701","Okayama Single Malt Whisky","/Land/Japan/Okayama-Single-Malt-Whisky/p/11342701","Bestillingsutvalget","Kr 1 890,00","0.7","https://bilder.vinmonopolet.no/cache/300x300-0/11342701-1.jpg"
"25","10994601","Nikka Days","/Land/Japan/Nikka-Days/p/10994601","Bestillingsutvalget","Kr 599,90","0.7","https://bilder.vinmonopolet.no/cache/300x300-0/10994601-1.jpg"
"26","11006102","Tokinoka Black Blended Whisky","/Land/Japan/Tokinoka-Black-Blended-Whisky/p/11006102","Bestillingsutvalget","Kr 765,00","0.5","https://bilder.vinmonopolet.no/cache/300x300-0/11006102-1.jpg"
"27","11476902","Akashi Japanese Single Malt 4 YO Red Wine Cask","/Land/Japan/Akashi-Japanese-Single-Malt-4-YO-Red-Wine-Cask/p/11476902","Bestillingsutvalget","Kr 1 990,00","0.5","https://bilder.vinmonopolet.no/cache/300x300-0/11476902-1.jpg"
"28","12196701","Hinotori 5 YO Japanese Blended Whisky","/Land/Japan/Hinotori-5-YO-Japanese-Blended-Whisky/p/12196701","Bestillingsutvalget","Kr 859,90","0.7","https://bilder.vinmonopolet.no/cache/300x300-0/12196701-1.jpg"
"29","12307301","The Nikka Tailored","/Land/Japan/The-Nikka-Tailored/p/12307301","Bestillingsutvalget","Kr 1 349,90","0.7","https://bilder.vinmonopolet.no/cache/300x300-0/12307301-1.jpg"
"30","12381901","Togouchi Pure Malt","/Land/Japan/Togouchi-Pure-Malt/p/12381901","Bestillingsutvalget","Kr 969,00","0.7","https://bilder.vinmonopolet.no/cache/300x300-0/12381901-1.jpg"
"31","12461501","Nikka Taketsuru Pure Malt","/Land/Japan/Nikka-Taketsuru-Pure-Malt/p/12461501","Bestillingsutvalget","Kr 924,90","0.7","https://bilder.vinmonopolet.no/cache/300x300-0/12461501-1.jpg"
"32","12643401","Matsui The Kurayoshi 12 YO Pure Malt Whisky","/Land/Japan/Matsui-The-Kurayoshi-12-YO-Pure-Malt-Whisky/p/12643401","Bestillingsutvalget","Kr 1 149,00","0.7","https://bilder.vinmonopolet.no/cache/300x300-0/12643401-1.jpg"
"33","12643301","Matsui The Kurayoshi 8 YO Pure Malt Whisky","/Land/Japan/Matsui-The-Kurayoshi-8-YO-Pure-Malt-Whisky/p/12643301","Bestillingsutvalget","Kr 1 029,20","0.7","https://bilder.vinmonopolet.no/cache/300x300-0/12643301-1.jpg"
"34","12811901","The Matsui Kurayoshi Single Cask Sakura","/Land/Japan/The-Matsui-Kurayoshi-Single-Cask-Sakura/p/12811901","Bestillingsutvalget","Kr 1 499,90","0.7","https://bilder.vinmonopolet.no/cache/300x300-0/12811901-1.jpg"
"35","12812001","The Matsui Kurayoshi Single Cask Mizunara","/Land/Japan/The-Matsui-Kurayoshi-Single-Cask-Mizunara/p/12812001","Bestillingsutvalget","Kr 1 499,90","0.7","https://bilder.vinmonopolet.no/cache/300x300-0/12812001-1.jpg"
"36","10458501","The Kurayoshi 18 YO","/Land/Japan/The-Kurayoshi-18-YO/p/10458501","Bestillingsutvalget","Kr 2 159,90","0.7","https://bilder.vinmonopolet.no/cache/300x300-0/10458501-1.jpg"
"37","11357308","The Matsui Whisky Collection (3x20cl)","/Land/Japan/The-Matsui-Whisky-Collection-%283x20cl%29/p/11357308","Bestillingsutvalget","Kr 1 162,00","0.6","https://bilder.vinmonopolet.no/cache/300x300-0/11357308-1.jpg"
"38","1975801","Nikka Coffey Malt","/Land/Japan/Nikka-Coffey-Malt/p/1975801","Bestillingsutvalget","Kr 789,90","0.7","https://bilder.vinmonopolet.no/cache/300x300-0/1975801-1.jpg"
"39","999801","Nikka Taketsuru Pure Malt 17 YO","/Land/Japan/Nikka-Taketsuru-Pure-Malt-17-YO/p/999801","Tilleggsutvalget","Kr 2 699,90","0.7","https://bilder.vinmonopolet.no/cache/300x300-0/999801-1.jpg"
"40","3704401","Hibiki Harmony","/Land/Japan/Hibiki-Harmony/p/3704401","Bestillingsutvalget","Kr 779,90","0.7","https://bilder.vinmonopolet.no/cache/300x300-0/3704401-1.jpg"
"41","10554801","Ichiro's Malt & Grain","/Land/Japan/Ichiro%27s-Malt-%26-Grain/p/10554801","Tilleggsutvalget","Kr 1 399,30","0.7","https://bilder.vinmonopolet.no/cache/300x300-0/10554801-1.jpg"
"42","10554401","Ichiro's Malt Mizunara Wood Reserve","/Land/Japan/Ichiro%27s-Malt-Mizunara-Wood-Reserve/p/10554401","Tilleggsutvalget","Kr 1 699,30","0.7","https://bilder.vinmonopolet.no/cache/300x300-0/10554401-1.jpg"
"43","10554701","Ichiro's Malt Wine Wood Reserve","/Land/Japan/Ichiro%27s-Malt-Wine-Wood-Reserve/p/10554701","Bestillingsutvalget","Kr 1 699,30","0.7","https://bilder.vinmonopolet.no/cache/300x300-0/10554701-1.jpg"
"44","10554601","Ichiro's Malt Double Distilleries","/Land/Japan/Ichiro%27s-Malt-Double-Distilleries/p/10554601","Tilleggsutvalget","Kr 1 699,30","0.7","https://bilder.vinmonopolet.no/cache/300x300-0/10554601-1.jpg"
"45","12066401","Chichibu On The Way 2019","/Land/Japan/Chichibu-On-The-Way-2019/p/12066401","Spesialutvalg","Kr 3 422,50","0.7","https://bilder.vinmonopolet.no/cache/300x300-0/12066401-1.jpg"
"46","10480401","Kura The Whisky Rum Cask Finish","/Land/Japan/Kura-The-Whisky-Rum-Cask-Finish/p/10480401","Bestillingsutvalget","Kr 999,90","0.7","https://bilder.vinmonopolet.no/cache/300x300-0/10480401-1.jpg"
"47","12308001","Ichiro's Malt & Grain Limited Edition 2018","/Land/Japan/Ichiro%27s-Malt-%26-Grain-Limited-Edition-2018/p/12308001","Bestillingsutvalget","Kr 2 299,90","0.7","https://bilder.vinmonopolet.no/cache/300x300-0/12308001-1.jpg"
"48","12434701","Nikka Yoichi Apple Brandy Finish","/Land/Japan/Nikka-Yoichi-Apple-Brandy-Finish/p/12434701","Spesialutvalg","Kr 2 500,40","0.7","https://bilder.vinmonopolet.no/cache/300x300-0/12434701-1.jpg"
"49","12434801","Nikka Miyagikyo Apple Brandy Finish","/Land/Japan/Nikka-Miyagikyo-Apple-Brandy-Finish/p/12434801","Spesialutvalg","Kr 2 500,40","0.7","https://bilder.vinmonopolet.no/cache/300x300-0/12434801-1.jpg"
"50","4977302","Nikka From The Barrel","/Land/Japan/Nikka-From-The-Barrel/p/4977302","Basisutvalget","Kr 509,90","0.5","https://bilder.vinmonopolet.no/cache/300x300-0/4977302-1.jpg"
"51","1975701","Nikka Coffey Grain","/Land/Japan/Nikka-Coffey-Grain/p/1975701","Basisutvalget","Kr 709,90","0.7","https://bilder.vinmonopolet.no/cache/300x300-0/1975701-1.jpg"
